{"reward_mean": -0.04965025680512219, "reward_std": 46.53068709310776, "reward_count": 9624, "last_kl": 0.001764535903930664, "last_entropy": 2.833213284611702, "winrate": 0.0}