{"reward_mean": -0.07871834552616719, "reward_std": 500.82098296914995, "reward_count": 19624, "last_kl": 0.001764535903930664, "last_entropy": 2.833213284611702, "winrate": 0.0}